"filename", "language", "Markdown", "YAML", "Dart", "Properties", "Swift", "CMake", "C++", "XML", "comment", "blank", "total"
"/home/ahmed/Desktop/Quran2U/README.md", "Markdown", 317, 0, 0, 0, 0, 0, 0, 0, 0, 88, 405
"/home/ahmed/Desktop/Quran2U/analysis_options.yaml", "YAML", 0, 9, 0, 0, 0, 0, 0, 0, 0, 0, 9
"/home/ahmed/Desktop/Quran2U/android/app/src/main/AndroidManifest.xml", "XML", 0, 0, 0, 0, 0, 0, 0, 20, 10, 2, 32
"/home/ahmed/Desktop/Quran2U/android/app/src/main/res/drawable/widget_background.xml", "XML", 0, 0, 0, 0, 0, 0, 0, 0, 1, 0, 1
"/home/ahmed/Desktop/Quran2U/android/app/src/main/res/drawable/widget_cell_active.xml", "XML", 0, 0, 0, 0, 0, 0, 0, 0, 1, 0, 1
"/home/ahmed/Desktop/Quran2U/android/app/src/main/res/drawable/widget_cell_normal.xml", "XML", 0, 0, 0, 0, 0, 0, 0, 0, 1, 0, 1
"/home/ahmed/Desktop/Quran2U/android/app/src/main/res/drawable/widget_pill.xml", "XML", 0, 0, 0, 0, 0, 0, 0, 0, 1, 0, 1
"/home/ahmed/Desktop/Quran2U/android/app/src/main/res/drawable/widget_row_highlight.xml", "XML", 0, 0, 0, 0, 0, 0, 0, 0, 1, 0, 1
"/home/ahmed/Desktop/Quran2U/android/app/src/main/res/layout/prayer_times_widget.xml", "XML", 0, 0, 0, 0, 0, 0, 0, 126, 6, 6, 138
"/home/ahmed/Desktop/Quran2U/android/app/src/main/res/xml/prayer_times_widget_info.xml", "XML", 0, 0, 0, 0, 0, 0, 0, 3, 0, 0, 3
"/home/ahmed/Desktop/Quran2U/android/gradle.properties", "Properties", 0, 0, 0, 3, 0, 0, 0, 0, 5, 1, 9
"/home/ahmed/Desktop/Quran2U/lib/data/changelog_data.dart", "Dart", 0, 0, 477, 0, 0, 0, 0, 0, 44, 27, 548
"/home/ahmed/Desktop/Quran2U/lib/data/daily_inspiration_data.dart", "Dart", 0, 0, 418, 0, 0, 0, 0, 0, 82, 8, 508
"/home/ahmed/Desktop/Quran2U/lib/data/quran_root_lexicon.dart", "Dart", 0, 0, 1296, 0, 0, 0, 0, 0, 19, 11, 1326
"/home/ahmed/Desktop/Quran2U/lib/data/quran_surah_data.dart", "Dart", 0, 0, 136, 0, 0, 0, 0, 0, 26, 13, 175
"/home/ahmed/Desktop/Quran2U/lib/data/quran_theme_index.dart", "Dart", 0, 0, 811, 0, 0, 0, 0, 0, 25, 11, 847
"/home/ahmed/Desktop/Quran2U/lib/main.dart", "Dart", 0, 0, 40, 0, 0, 0, 0, 0, 24, 7, 71
"/home/ahmed/Desktop/Quran2U/lib/models/share_card_style.dart", "Dart", 0, 0, 68, 0, 0, 0, 0, 0, 17, 15, 100
"/home/ahmed/Desktop/Quran2U/lib/models/word_insight.dart", "Dart", 0, 0, 147, 0, 0, 0, 0, 0, 19, 29, 195
"/home/ahmed/Desktop/Quran2U/lib/providers/reading_progress_provider.dart", "Dart", 0, 0, 176, 0, 0, 0, 0, 0, 22, 27, 225
"/home/ahmed/Desktop/Quran2U/lib/providers/search_providers.dart", "Dart", 0, 0, 18, 0, 0, 0, 0, 0, 13, 8, 39
"/home/ahmed/Desktop/Quran2U/lib/providers/word_insight_providers.dart", "Dart", 0, 0, 105, 0, 0, 0, 0, 0, 25, 23, 153
"/home/ahmed/Desktop/Quran2U/lib/screens/ayah_word_picker.dart", "Dart", 0, 0, 546, 0, 0, 0, 0, 0, 26, 30, 602
"/home/ahmed/Desktop/Quran2U/lib/screens/changelog_screen.dart", "Dart", 0, 0, 492, 0, 0, 0, 0, 0, 36, 47, 575
"/home/ahmed/Desktop/Quran2U/lib/screens/daily_inspiration_screen.dart", "Dart", 0, 0, -241, 0, 0, 0, 0, 0, -36, -2, -279
"/home/ahmed/Desktop/Quran2U/lib/screens/downloads_screen.dart", "Dart", 0, 0, 1, 0, 0, 0, 0, 0, 0, 0, 1
"/home/ahmed/Desktop/Quran2U/lib/screens/duas_screen.dart", "Dart", 0, 0, 3, 0, 0, 0, 0, 0, 0, 0, 3
"/home/ahmed/Desktop/Quran2U/lib/screens/hadith_reader_screen.dart", "Dart", 0, 0, 1, 0, 0, 0, 0, 0, 0, 0, 1
"/home/ahmed/Desktop/Quran2U/lib/screens/home_screen.dart", "Dart", 0, 0, 552, 0, 0, 0, 0, 0, 61, 22, 635
"/home/ahmed/Desktop/Quran2U/lib/screens/login_screen.dart", "Dart", 0, 0, 14, 0, 0, 0, 0, 0, -2, -3, 9
"/home/ahmed/Desktop/Quran2U/lib/screens/main_shell.dart", "Dart", 0, 0, 83, 0, 0, 0, 0, 0, 42, 8, 133
"/home/ahmed/Desktop/Quran2U/lib/screens/now_playing_screen.dart", "Dart", 0, 0, 25, 0, 0, 0, 0, 0, 5, 8, 38
"/home/ahmed/Desktop/Quran2U/lib/screens/prayer_times_screen.dart", "Dart", 0, 0, -6, 0, 0, 0, 0, 0, 0, 1, -5
"/home/ahmed/Desktop/Quran2U/lib/screens/quiz_screen.dart", "Dart", 0, 0, 574, 0, 0, 0, 0, 0, 36, 52, 662
"/home/ahmed/Desktop/Quran2U/lib/screens/quiz_stats_screen.dart", "Dart", 0, 0, 539, 0, 0, 0, 0, 0, 57, 48, 644
"/home/ahmed/Desktop/Quran2U/lib/screens/quran_search_screen.dart", "Dart", 0, 0, 645, 0, 0, 0, 0, 0, 36, 50, 731
"/home/ahmed/Desktop/Quran2U/lib/screens/read_quran_screen.dart", "Dart", 0, 0, 99, 0, 0, 0, 0, 0, 14, 8, 121
"/home/ahmed/Desktop/Quran2U/lib/screens/read_tab_screen.dart", "Dart", 0, 0, 62, 0, 0, 0, 0, 0, 1, 1, 64
"/home/ahmed/Desktop/Quran2U/lib/screens/settings_screen.dart", "Dart", 0, 0, 593, 0, 0, 0, 0, 0, 74, 44, 711
"/home/ahmed/Desktop/Quran2U/lib/screens/share_ayah_screen.dart", "Dart", 0, 0, 502, 0, 0, 0, 0, 0, 51, 44, 597
"/home/ahmed/Desktop/Quran2U/lib/screens/surah_detail_screen.dart", "Dart", 0, 0, 106, 0, 0, 0, 0, 0, 8, 4, 118
"/home/ahmed/Desktop/Quran2U/lib/screens/tafseer_screen.dart", "Dart", 0, 0, 1, 0, 0, 0, 0, 0, 0, 0, 1
"/home/ahmed/Desktop/Quran2U/lib/screens/word_insight_screen.dart", "Dart", 0, 0, 1028, 0, 0, 0, 0, 0, 29, 57, 1114
"/home/ahmed/Desktop/Quran2U/lib/services/adhan_service.dart", "Dart", 0, 0, 127, 0, 0, 0, 0, 0, 49, 28, 204
"/home/ahmed/Desktop/Quran2U/lib/services/arabic_text_utils.dart", "Dart", 0, 0, 107, 0, 0, 0, 0, 0, 26, 20, 153
"/home/ahmed/Desktop/Quran2U/lib/services/database_helper.dart", "Dart", 0, 0, 27, 0, 0, 0, 0, 0, 4, 3, 34
"/home/ahmed/Desktop/Quran2U/lib/services/hijri_date.dart", "Dart", 0, 0, 85, 0, 0, 0, 0, 0, 16, 19, 120
"/home/ahmed/Desktop/Quran2U/lib/services/notification_service.dart", "Dart", 0, 0, 115, 0, 0, 0, 0, 0, 64, 26, 205
"/home/ahmed/Desktop/Quran2U/lib/services/perf_governor.dart", "Dart", 0, 0, 58, 0, 0, 0, 0, 0, 46, 21, 125
"/home/ahmed/Desktop/Quran2U/lib/services/quiz_engine.dart", "Dart", 0, 0, 443, 0, 0, 0, 0, 0, 105, 65, 613
"/home/ahmed/Desktop/Quran2U/lib/services/quiz_storage.dart", "Dart", 0, 0, 203, 0, 0, 0, 0, 0, 46, 40, 289
"/home/ahmed/Desktop/Quran2U/lib/services/quran_search_service.dart", "Dart", 0, 0, 519, 0, 0, 0, 0, 0, 114, 112, 745
"/home/ahmed/Desktop/Quran2U/lib/services/time_format.dart", "Dart", 0, 0, 15, 0, 0, 0, 0, 0, 14, 8, 37
"/home/ahmed/Desktop/Quran2U/lib/services/widget_service.dart", "Dart", 0, 0, -5, 0, 0, 0, 0, 0, 43, 0, 38
"/home/ahmed/Desktop/Quran2U/lib/services/word_insight_service.dart", "Dart", 0, 0, 195, 0, 0, 0, 0, 0, 15, 39, 249
"/home/ahmed/Desktop/Quran2U/lib/ui_v2/app_colors.dart", "Dart", 0, 0, 4, 0, 0, 0, 0, 0, 18, 3, 25
"/home/ahmed/Desktop/Quran2U/lib/ui_v2/app_theme.dart", "Dart", 0, 0, 40, 0, 0, 0, 0, 0, 0, -1, 39
"/home/ahmed/Desktop/Quran2U/lib/ui_v2/app_typography.dart", "Dart", 0, 0, 91, 0, 0, 0, 0, 0, 28, 13, 132
"/home/ahmed/Desktop/Quran2U/lib/ui_v2/glass.dart", "Dart", 0, 0, 695, 0, 0, 0, 0, 0, 191, 122, 1008
"/home/ahmed/Desktop/Quran2U/lib/ui_v2/widgets/calm_light_background.dart", "Dart", 0, 0, 117, 0, 0, 0, 0, 0, 35, 21, 173
"/home/ahmed/Desktop/Quran2U/lib/ui_v2/widgets/glass_panel.dart", "Dart", 0, 0, 10, 0, 0, 0, 0, 0, 28, 4, 42
"/home/ahmed/Desktop/Quran2U/lib/ui_v2/widgets/q_kit.dart", "Dart", 0, 0, 204, 0, 0, 0, 0, 0, 25, 31, 260
"/home/ahmed/Desktop/Quran2U/linux/flutter/generated_plugins.cmake", "CMake", 0, 0, 0, 0, 0, 1, 0, 0, 0, 0, 1
"/home/ahmed/Desktop/Quran2U/macos/Flutter/GeneratedPluginRegistrant.swift", "Swift", 0, 0, 0, 0, 4, 0, 0, 0, 0, 0, 4
"/home/ahmed/Desktop/Quran2U/pubspec.yaml", "YAML", 0, 1, 0, 0, 0, 0, 0, 0, 1, 1, 3
"/home/ahmed/Desktop/Quran2U/windows/flutter/generated_plugin_registrant.cc", "C++", 0, 0, 0, 0, 0, 0, 3, 0, 0, 0, 3
"/home/ahmed/Desktop/Quran2U/windows/flutter/generated_plugins.cmake", "CMake", 0, 0, 0, 0, 0, 2, 0, 0, 0, 0, 2
"Total", "-", 317, 10, 12361, 3, 4, 3, 3, 149, 1648, 1270, 15768