"filename", "language", "Markdown", "YAML", "Dart", "Diff", "Python", "JSON", "C++", "CMake", "Swift", "XML", "Properties", "HTML", "comment", "blank", "total"
"/home/ahmed/Desktop/Quran2U/README.md", "Markdown", 358, 0, 0, 0, 0, 0, 0, 0, 0, 0, 0, 0, 0, 97, 455
"/home/ahmed/Desktop/Quran2U/analysis_options.yaml", "YAML", 0, 12, 0, 0, 0, 0, 0, 0, 0, 0, 0, 0, 22, 4, 38
"/home/ahmed/Desktop/Quran2U/android/app/src/debug/AndroidManifest.xml", "XML", 0, 0, 0, 0, 0, 0, 0, 0, 0, 3, 0, 0, 4, 1, 8
"/home/ahmed/Desktop/Quran2U/android/app/src/main/AndroidManifest.xml", "XML", 0, 0, 0, 0, 0, 0, 0, 0, 0, 99, 0, 0, 11, 11, 121
"/home/ahmed/Desktop/Quran2U/android/app/src/main/res/drawable-v21/launch_background.xml", "XML", 0, 0, 0, 0, 0, 0, 0, 0, 0, 6, 0, 0, 0, 0, 6
"/home/ahmed/Desktop/Quran2U/android/app/src/main/res/drawable/launch_background.xml", "XML", 0, 0, 0, 0, 0, 0, 0, 0, 0, 6, 0, 0, 0, 0, 6
"/home/ahmed/Desktop/Quran2U/android/app/src/main/res/drawable/widget_background.xml", "XML", 0, 0, 0, 0, 0, 0, 0, 0, 0, 7, 0, 0, 1, 1, 9
"/home/ahmed/Desktop/Quran2U/android/app/src/main/res/drawable/widget_cell_active.xml", "XML", 0, 0, 0, 0, 0, 0, 0, 0, 0, 7, 0, 0, 1, 1, 9
"/home/ahmed/Desktop/Quran2U/android/app/src/main/res/drawable/widget_cell_normal.xml", "XML", 0, 0, 0, 0, 0, 0, 0, 0, 0, 6, 0, 0, 1, 1, 8
"/home/ahmed/Desktop/Quran2U/android/app/src/main/res/drawable/widget_pill.xml", "XML", 0, 0, 0, 0, 0, 0, 0, 0, 0, 7, 0, 0, 1, 1, 9
"/home/ahmed/Desktop/Quran2U/android/app/src/main/res/drawable/widget_row_highlight.xml", "XML", 0, 0, 0, 0, 0, 0, 0, 0, 0, 6, 0, 0, 1, 1, 8
"/home/ahmed/Desktop/Quran2U/android/app/src/main/res/layout/prayer_times_widget.xml", "XML", 0, 0, 0, 0, 0, 0, 0, 0, 0, 369, 0, 0, 17, 36, 422
"/home/ahmed/Desktop/Quran2U/android/app/src/main/res/values-night/styles.xml", "XML", 0, 0, 0, 0, 0, 0, 0, 0, 0, 9, 0, 0, 9, 1, 19
"/home/ahmed/Desktop/Quran2U/android/app/src/main/res/values/styles.xml", "XML", 0, 0, 0, 0, 0, 0, 0, 0, 0, 10, 0, 0, 9, 2, 21
"/home/ahmed/Desktop/Quran2U/android/app/src/main/res/xml/prayer_times_widget_info.xml", "XML", 0, 0, 0, 0, 0, 0, 0, 0, 0, 13, 0, 0, 0, 1, 14
"/home/ahmed/Desktop/Quran2U/android/app/src/profile/AndroidManifest.xml", "XML", 0, 0, 0, 0, 0, 0, 0, 0, 0, 3, 0, 0, 4, 1, 8
"/home/ahmed/Desktop/Quran2U/android/gradle.properties", "Properties", 0, 0, 0, 0, 0, 0, 0, 0, 0, 0, 5, 0, 5, 2, 12
"/home/ahmed/Desktop/Quran2U/android/gradle/wrapper/gradle-wrapper.properties", "Properties", 0, 0, 0, 0, 0, 0, 0, 0, 0, 0, 5, 0, 0, 1, 6
"/home/ahmed/Desktop/Quran2U/devtools_options.yaml", "YAML", 0, 3, 0, 0, 0, 0, 0, 0, 0, 0, 0, 0, 0, 1, 4
"/home/ahmed/Desktop/Quran2U/ios/Runner/AppDelegate.swift", "Swift", 0, 0, 0, 0, 0, 0, 0, 0, 14, 0, 0, 0, 0, 3, 17
"/home/ahmed/Desktop/Quran2U/ios/Runner/Assets.xcassets/AppIcon.appiconset/Contents.json", "JSON", 0, 0, 0, 0, 0, 122, 0, 0, 0, 0, 0, 0, 0, 1, 123
"/home/ahmed/Desktop/Quran2U/ios/Runner/Assets.xcassets/LaunchImage.imageset/Contents.json", "JSON", 0, 0, 0, 0, 0, 23, 0, 0, 0, 0, 0, 0, 0, 1, 24
"/home/ahmed/Desktop/Quran2U/ios/Runner/Assets.xcassets/LaunchImage.imageset/README.md", "Markdown", 3, 0, 0, 0, 0, 0, 0, 0, 0, 0, 0, 0, 0, 2, 5
"/home/ahmed/Desktop/Quran2U/ios/Runner/Base.lproj/LaunchScreen.storyboard", "XML", 0, 0, 0, 0, 0, 0, 0, 0, 0, 36, 0, 0, 1, 1, 38
"/home/ahmed/Desktop/Quran2U/ios/Runner/Base.lproj/Main.storyboard", "XML", 0, 0, 0, 0, 0, 0, 0, 0, 0, 25, 0, 0, 1, 1, 27
"/home/ahmed/Desktop/Quran2U/ios/Runner/Runner-Bridging-Header.h", "C++", 0, 0, 0, 0, 0, 0, 1, 0, 0, 0, 0, 0, 0, 1, 2
"/home/ahmed/Desktop/Quran2U/ios/Runner/SceneDelegate.swift", "Swift", 0, 0, 0, 0, 0, 0, 0, 0, 4, 0, 0, 0, 0, 3, 7
"/home/ahmed/Desktop/Quran2U/ios/RunnerTests/RunnerTests.swift", "Swift", 0, 0, 0, 0, 0, 0, 0, 0, 7, 0, 0, 0, 2, 4, 13
"/home/ahmed/Desktop/Quran2U/lib/data/changelog_data.dart", "Dart", 0, 0, 477, 0, 0, 0, 0, 0, 0, 0, 0, 0, 44, 27, 548
"/home/ahmed/Desktop/Quran2U/lib/data/daily_inspiration_data.dart", "Dart", 0, 0, 418, 0, 0, 0, 0, 0, 0, 0, 0, 0, 82, 8, 508
"/home/ahmed/Desktop/Quran2U/lib/data/hisnul_muslim_db.dart", "Dart", 0, 0, 2675, 0, 0, 0, 0, 0, 0, 0, 0, 0, 0, 2, 2677
"/home/ahmed/Desktop/Quran2U/lib/data/quran_root_lexicon.dart", "Dart", 0, 0, 1296, 0, 0, 0, 0, 0, 0, 0, 0, 0, 19, 11, 1326
"/home/ahmed/Desktop/Quran2U/lib/data/quran_surah_data.dart", "Dart", 0, 0, 136, 0, 0, 0, 0, 0, 0, 0, 0, 0, 26, 13, 175
"/home/ahmed/Desktop/Quran2U/lib/data/quran_theme_index.dart", "Dart", 0, 0, 811, 0, 0, 0, 0, 0, 0, 0, 0, 0, 25, 11, 847
"/home/ahmed/Desktop/Quran2U/lib/main.dart", "Dart", 0, 0, 144, 0, 0, 0, 0, 0, 0, 0, 0, 0, 45, 25, 214
"/home/ahmed/Desktop/Quran2U/lib/models/dua.dart", "Dart", 0, 0, 20, 0, 0, 0, 0, 0, 0, 0, 0, 0, 0, 2, 22
"/home/ahmed/Desktop/Quran2U/lib/models/hadith_model.dart", "Dart", 0, 0, 209, 0, 0, 0, 0, 0, 0, 0, 0, 0, 16, 29, 254
"/home/ahmed/Desktop/Quran2U/lib/models/models.dart", "Dart", 0, 0, 98, 0, 0, 0, 0, 0, 0, 0, 0, 0, 21, 16, 135
"/home/ahmed/Desktop/Quran2U/lib/models/models.freezed.dart", "Dart", 0, 0, 1666, 0, 0, 0, 0, 0, 0, 0, 0, 0, 76, 152, 1894
"/home/ahmed/Desktop/Quran2U/lib/models/models.g.dart", "Dart", 0, 0, 140, 0, 0, 0, 0, 0, 0, 0, 0, 0, 4, 17, 161
"/home/ahmed/Desktop/Quran2U/lib/models/share_card_style.dart", "Dart", 0, 0, 68, 0, 0, 0, 0, 0, 0, 0, 0, 0, 17, 15, 100
"/home/ahmed/Desktop/Quran2U/lib/models/word_insight.dart", "Dart", 0, 0, 147, 0, 0, 0, 0, 0, 0, 0, 0, 0, 19, 29, 195
"/home/ahmed/Desktop/Quran2U/lib/providers/hadith_providers.dart", "Dart", 0, 0, 14, 0, 0, 0, 0, 0, 0, 0, 0, 0, 5, 6, 25
"/home/ahmed/Desktop/Quran2U/lib/providers/providers.dart", "Dart", 0, 0, 534, 0, 0, 0, 0, 0, 0, 0, 0, 0, 37, 90, 661
"/home/ahmed/Desktop/Quran2U/lib/providers/reading_progress_provider.dart", "Dart", 0, 0, 176, 0, 0, 0, 0, 0, 0, 0, 0, 0, 22, 27, 225
"/home/ahmed/Desktop/Quran2U/lib/providers/search_providers.dart", "Dart", 0, 0, 18, 0, 0, 0, 0, 0, 0, 0, 0, 0, 13, 8, 39
"/home/ahmed/Desktop/Quran2U/lib/providers/word_insight_providers.dart", "Dart", 0, 0, 105, 0, 0, 0, 0, 0, 0, 0, 0, 0, 25, 23, 153
"/home/ahmed/Desktop/Quran2U/lib/screens/ayah_word_picker.dart", "Dart", 0, 0, 546, 0, 0, 0, 0, 0, 0, 0, 0, 0, 26, 30, 602
"/home/ahmed/Desktop/Quran2U/lib/screens/bookmarks_screen.dart", "Dart", 0, 0, 474, 0, 0, 0, 0, 0, 0, 0, 0, 0, 27, 29, 530
"/home/ahmed/Desktop/Quran2U/lib/screens/changelog_screen.dart", "Dart", 0, 0, 492, 0, 0, 0, 0, 0, 0, 0, 0, 0, 36, 47, 575
"/home/ahmed/Desktop/Quran2U/lib/screens/daily_inspiration_screen.dart", "Dart", 0, 0, 196, 0, 0, 0, 0, 0, 0, 0, 0, 0, 7, 8, 211
"/home/ahmed/Desktop/Quran2U/lib/screens/downloads_screen.dart", "Dart", 0, 0, 339, 0, 0, 0, 0, 0, 0, 0, 0, 0, 3, 18, 360
"/home/ahmed/Desktop/Quran2U/lib/screens/duas_screen.dart", "Dart", 0, 0, 290, 0, 0, 0, 0, 0, 0, 0, 0, 0, 17, 22, 329
"/home/ahmed/Desktop/Quran2U/lib/screens/hadith_reader_screen.dart", "Dart", 0, 0, 417, 0, 0, 0, 0, 0, 0, 0, 0, 0, 9, 30, 456
"/home/ahmed/Desktop/Quran2U/lib/screens/home_screen.dart", "Dart", 0, 0, 1283, 0, 0, 0, 0, 0, 0, 0, 0, 0, 69, 77, 1429
"/home/ahmed/Desktop/Quran2U/lib/screens/login_screen.dart", "Dart", 0, 0, 261, 0, 0, 0, 0, 0, 0, 0, 0, 0, 14, 22, 297
"/home/ahmed/Desktop/Quran2U/lib/screens/main_shell.dart", "Dart", 0, 0, 394, 0, 0, 0, 0, 0, 0, 0, 0, 0, 53, 27, 474
"/home/ahmed/Desktop/Quran2U/lib/screens/now_playing_screen.dart", "Dart", 0, 0, 641, 0, 0, 0, 0, 0, 0, 0, 0, 0, 9, 48, 698
"/home/ahmed/Desktop/Quran2U/lib/screens/prayer_times_screen.dart", "Dart", 0, 0, 138, 0, 0, 0, 0, 0, 0, 0, 0, 0, 0, 12, 150
"/home/ahmed/Desktop/Quran2U/lib/screens/qibla_screen.dart", "Dart", 0, 0, 193, 0, 0, 0, 0, 0, 0, 0, 0, 0, 0, 23, 216
"/home/ahmed/Desktop/Quran2U/lib/screens/quiz_screen.dart", "Dart", 0, 0, 574, 0, 0, 0, 0, 0, 0, 0, 0, 0, 36, 52, 662
"/home/ahmed/Desktop/Quran2U/lib/screens/quiz_stats_screen.dart", "Dart", 0, 0, 539, 0, 0, 0, 0, 0, 0, 0, 0, 0, 57, 48, 644
"/home/ahmed/Desktop/Quran2U/lib/screens/quran_search_screen.dart", "Dart", 0, 0, 645, 0, 0, 0, 0, 0, 0, 0, 0, 0, 36, 50, 731
"/home/ahmed/Desktop/Quran2U/lib/screens/read_quran_screen.dart", "Dart", 0, 0, 726, 0, 0, 0, 0, 0, 0, 0, 0, 0, 37, 51, 814
"/home/ahmed/Desktop/Quran2U/lib/screens/read_tab_screen.dart", "Dart", 0, 0, 1035, 0, 0, 0, 0, 0, 0, 0, 0, 0, 10, 66, 1111
"/home/ahmed/Desktop/Quran2U/lib/screens/settings_screen.dart", "Dart", 0, 0, 2233, 0, 0, 0, 0, 0, 0, 0, 0, 0, 78, 126, 2437
"/home/ahmed/Desktop/Quran2U/lib/screens/share_ayah_screen.dart", "Dart", 0, 0, 502, 0, 0, 0, 0, 0, 0, 0, 0, 0, 51, 44, 597
"/home/ahmed/Desktop/Quran2U/lib/screens/surah_detail_screen.dart", "Dart", 0, 0, 1107, 0, 0, 0, 0, 0, 0, 0, 0, 0, 18, 61, 1186
"/home/ahmed/Desktop/Quran2U/lib/screens/tafseer_screen.dart", "Dart", 0, 0, 337, 0, 0, 0, 0, 0, 0, 0, 0, 0, 8, 33, 378
"/home/ahmed/Desktop/Quran2U/lib/screens/word_insight_screen.dart", "Dart", 0, 0, 1028, 0, 0, 0, 0, 0, 0, 0, 0, 0, 29, 57, 1114
"/home/ahmed/Desktop/Quran2U/lib/services/adhan_service.dart", "Dart", 0, 0, 127, 0, 0, 0, 0, 0, 0, 0, 0, 0, 49, 28, 204
"/home/ahmed/Desktop/Quran2U/lib/services/arabic_text_utils.dart", "Dart", 0, 0, 107, 0, 0, 0, 0, 0, 0, 0, 0, 0, 26, 20, 153
"/home/ahmed/Desktop/Quran2U/lib/services/audio_player_service.dart", "Dart", 0, 0, 82, 0, 0, 0, 0, 0, 0, 0, 0, 0, 2, 17, 101
"/home/ahmed/Desktop/Quran2U/lib/services/database_helper.dart", "Dart", 0, 0, 58, 0, 0, 0, 0, 0, 0, 0, 0, 0, 10, 13, 81
"/home/ahmed/Desktop/Quran2U/lib/services/download_service.dart", "Dart", 0, 0, 336, 0, 0, 0, 0, 0, 0, 0, 0, 0, 5, 54, 395
"/home/ahmed/Desktop/Quran2U/lib/services/hadith_service.dart", "Dart", 0, 0, 30, 0, 0, 0, 0, 0, 0, 0, 0, 0, 2, 7, 39
"/home/ahmed/Desktop/Quran2U/lib/services/hijri_date.dart", "Dart", 0, 0, 85, 0, 0, 0, 0, 0, 0, 0, 0, 0, 16, 19, 120
"/home/ahmed/Desktop/Quran2U/lib/services/interleaved_audio_service.dart", "Dart", 0, 0, 172, 0, 0, 0, 0, 0, 0, 0, 0, 0, 1, 36, 209
"/home/ahmed/Desktop/Quran2U/lib/services/mushaf_api_service.dart", "Dart", 0, 0, 70, 0, 0, 0, 0, 0, 0, 0, 0, 0, 2, 13, 85
"/home/ahmed/Desktop/Quran2U/lib/services/notification_service.dart", "Dart", 0, 0, 209, 0, 0, 0, 0, 0, 0, 0, 0, 0, 76, 38, 323
"/home/ahmed/Desktop/Quran2U/lib/services/perf_governor.dart", "Dart", 0, 0, 58, 0, 0, 0, 0, 0, 0, 0, 0, 0, 46, 21, 125
"/home/ahmed/Desktop/Quran2U/lib/services/quiz_engine.dart", "Dart", 0, 0, 443, 0, 0, 0, 0, 0, 0, 0, 0, 0, 105, 65, 613
"/home/ahmed/Desktop/Quran2U/lib/services/quiz_storage.dart", "Dart", 0, 0, 203, 0, 0, 0, 0, 0, 0, 0, 0, 0, 46, 40, 289
"/home/ahmed/Desktop/Quran2U/lib/services/quran_api_service.dart", "Dart", 0, 0, 207, 0, 0, 0, 0, 0, 0, 0, 0, 0, 22, 34, 263
"/home/ahmed/Desktop/Quran2U/lib/services/quran_auth_service.dart", "Dart", 0, 0, 235, 0, 0, 0, 0, 0, 0, 0, 0, 0, 6, 34, 275
"/home/ahmed/Desktop/Quran2U/lib/services/quran_search_service.dart", "Dart", 0, 0, 519, 0, 0, 0, 0, 0, 0, 0, 0, 0, 114, 112, 745
"/home/ahmed/Desktop/Quran2U/lib/services/tafseer_service.dart", "Dart", 0, 0, 103, 0, 0, 0, 0, 0, 0, 0, 0, 0, 6, 14, 123
"/home/ahmed/Desktop/Quran2U/lib/services/time_format.dart", "Dart", 0, 0, 15, 0, 0, 0, 0, 0, 0, 0, 0, 0, 14, 8, 37
"/home/ahmed/Desktop/Quran2U/lib/services/update_service.dart", "Dart", 0, 0, 60, 0, 0, 0, 0, 0, 0, 0, 0, 0, 1, 13, 74
"/home/ahmed/Desktop/Quran2U/lib/services/widget_service.dart", "Dart", 0, 0, 107, 0, 0, 0, 0, 0, 0, 0, 0, 0, 64, 19, 190
"/home/ahmed/Desktop/Quran2U/lib/services/word_insight_service.dart", "Dart", 0, 0, 195, 0, 0, 0, 0, 0, 0, 0, 0, 0, 15, 39, 249
"/home/ahmed/Desktop/Quran2U/lib/ui_v2/app_colors.dart", "Dart", 0, 0, 21, 0, 0, 0, 0, 0, 0, 0, 0, 0, 19, 10, 50
"/home/ahmed/Desktop/Quran2U/lib/ui_v2/app_theme.dart", "Dart", 0, 0, 132, 0, 0, 0, 0, 0, 0, 0, 0, 0, 2, 4, 138
"/home/ahmed/Desktop/Quran2U/lib/ui_v2/app_typography.dart", "Dart", 0, 0, 91, 0, 0, 0, 0, 0, 0, 0, 0, 0, 28, 13, 132
"/home/ahmed/Desktop/Quran2U/lib/ui_v2/glass.dart", "Dart", 0, 0, 695, 0, 0, 0, 0, 0, 0, 0, 0, 0, 191, 122, 1008
"/home/ahmed/Desktop/Quran2U/lib/ui_v2/widgets/calm_light_background.dart", "Dart", 0, 0, 194, 0, 0, 0, 0, 0, 0, 0, 0, 0, 47, 31, 272
"/home/ahmed/Desktop/Quran2U/lib/ui_v2/widgets/glass_panel.dart", "Dart", 0, 0, 66, 0, 0, 0, 0, 0, 0, 0, 0, 0, 28, 10, 104
"/home/ahmed/Desktop/Quran2U/lib/ui_v2/widgets/q_kit.dart", "Dart", 0, 0, 204, 0, 0, 0, 0, 0, 0, 0, 0, 0, 25, 31, 260
"/home/ahmed/Desktop/Quran2U/lightmode_diff.patch", "Diff", 0, 0, 0, 3499, 0, 0, 0, 0, 0, 0, 0, 0, 0, 72, 3571
"/home/ahmed/Desktop/Quran2U/linux/CMakeLists.txt", "CMake", 0, 0, 0, 0, 0, 0, 0, 104, 0, 0, 0, 0, 0, 25, 129
"/home/ahmed/Desktop/Quran2U/linux/flutter/CMakeLists.txt", "CMake", 0, 0, 0, 0, 0, 0, 0, 79, 0, 0, 0, 0, 0, 10, 89
"/home/ahmed/Desktop/Quran2U/linux/flutter/generated_plugin_registrant.cc", "C++", 0, 0, 0, 0, 0, 0, 15, 0, 0, 0, 0, 0, 4, 5, 24
"/home/ahmed/Desktop/Quran2U/linux/flutter/generated_plugin_registrant.h", "C++", 0, 0, 0, 0, 0, 0, 5, 0, 0, 0, 0, 0, 5, 6, 16
"/home/ahmed/Desktop/Quran2U/linux/flutter/generated_plugins.cmake", "CMake", 0, 0, 0, 0, 0, 0, 0, 22, 0, 0, 0, 0, 0, 6, 28
"/home/ahmed/Desktop/Quran2U/linux/runner/CMakeLists.txt", "CMake", 0, 0, 0, 0, 0, 0, 0, 21, 0, 0, 0, 0, 0, 6, 27
"/home/ahmed/Desktop/Quran2U/linux/runner/main.cc", "C++", 0, 0, 0, 0, 0, 0, 5, 0, 0, 0, 0, 0, 0, 2, 7
"/home/ahmed/Desktop/Quran2U/linux/runner/my_application.cc", "C++", 0, 0, 0, 0, 0, 0, 94, 0, 0, 0, 0, 0, 26, 29, 149
"/home/ahmed/Desktop/Quran2U/linux/runner/my_application.h", "C++", 0, 0, 0, 0, 0, 0, 10, 0, 0, 0, 0, 0, 7, 5, 22
"/home/ahmed/Desktop/Quran2U/macos/Flutter/GeneratedPluginRegistrant.swift", "Swift", 0, 0, 0, 0, 0, 0, 0, 0, 32, 0, 0, 0, 3, 4, 39
"/home/ahmed/Desktop/Quran2U/macos/Runner/AppDelegate.swift", "Swift", 0, 0, 0, 0, 0, 0, 0, 0, 11, 0, 0, 0, 0, 3, 14
"/home/ahmed/Desktop/Quran2U/macos/Runner/Assets.xcassets/AppIcon.appiconset/Contents.json", "JSON", 0, 0, 0, 0, 0, 68, 0, 0, 0, 0, 0, 0, 0, 1, 69
"/home/ahmed/Desktop/Quran2U/macos/Runner/Base.lproj/MainMenu.xib", "XML", 0, 0, 0, 0, 0, 0, 0, 0, 0, 343, 0, 0, 0, 1, 344
"/home/ahmed/Desktop/Quran2U/macos/Runner/MainFlutterWindow.swift", "Swift", 0, 0, 0, 0, 0, 0, 0, 0, 12, 0, 0, 0, 0, 4, 16
"/home/ahmed/Desktop/Quran2U/macos/RunnerTests/RunnerTests.swift", "Swift", 0, 0, 0, 0, 0, 0, 0, 0, 7, 0, 0, 0, 2, 4, 13
"/home/ahmed/Desktop/Quran2U/parsed_duas.json", "JSON", 0, 0, 0, 0, 0, 2672, 0, 0, 0, 0, 0, 0, 0, 0, 2672
"/home/ahmed/Desktop/Quran2U/pubspec.yaml", "YAML", 0, 62, 0, 0, 0, 0, 0, 0, 0, 0, 0, 0, 11, 17, 90
"/home/ahmed/Desktop/Quran2U/scripts/build_hadith_db.py", "Python", 0, 0, 0, 0, 144, 0, 0, 0, 0, 0, 0, 0, 15, 33, 192
"/home/ahmed/Desktop/Quran2U/scripts/build_hisnul_muslim_dart.py", "Python", 0, 0, 0, 0, 29, 0, 0, 0, 0, 0, 0, 0, 10, 5, 44
"/home/ahmed/Desktop/Quran2U/scripts/parse_hisnul_muslim.py", "Python", 0, 0, 0, 0, 88, 0, 0, 0, 0, 0, 0, 0, 20, 19, 127
"/home/ahmed/Desktop/Quran2U/test_parse.dart", "Dart", 0, 0, 53, 0, 0, 0, 0, 0, 0, 0, 0, 0, 1, 11, 65
"/home/ahmed/Desktop/Quran2U/test_parse2.dart", "Dart", 0, 0, 20, 0, 0, 0, 0, 0, 0, 0, 0, 0, 1, 6, 27
"/home/ahmed/Desktop/Quran2U/test_parse_final.dart", "Dart", 0, 0, 32, 0, 0, 0, 0, 0, 0, 0, 0, 0, 1, 6, 39
"/home/ahmed/Desktop/Quran2U/test_tz_info.dart", "Dart", 0, 0, 0, 0, 0, 0, 0, 0, 0, 0, 0, 0, 0, 1, 1
"/home/ahmed/Desktop/Quran2U/test_urls.dart", "Dart", 0, 0, 43, 0, 0, 0, 0, 0, 0, 0, 0, 0, 4, 9, 56
"/home/ahmed/Desktop/Quran2U/ui_v2/app_colors.dart", "Dart", 0, 0, 17, 0, 0, 0, 0, 0, 0, 0, 0, 0, 1, 7, 25
"/home/ahmed/Desktop/Quran2U/ui_v2/app_theme.dart", "Dart", 0, 0, 90, 0, 0, 0, 0, 0, 0, 0, 0, 0, 0, 5, 95
"/home/ahmed/Desktop/Quran2U/ui_v2/widgets/glass_panel.dart", "Dart", 0, 0, 56, 0, 0, 0, 0, 0, 0, 0, 0, 0, 0, 6, 62
"/home/ahmed/Desktop/Quran2U/web/index.html", "HTML", 0, 0, 0, 0, 0, 0, 0, 0, 0, 0, 0, 19, 23, 5, 47
"/home/ahmed/Desktop/Quran2U/web/manifest.json", "JSON", 0, 0, 0, 0, 0, 35, 0, 0, 0, 0, 0, 0, 0, 1, 36
"/home/ahmed/Desktop/Quran2U/windows/CMakeLists.txt", "CMake", 0, 0, 0, 0, 0, 0, 0, 89, 0, 0, 0, 0, 0, 20, 109
"/home/ahmed/Desktop/Quran2U/windows/flutter/CMakeLists.txt", "CMake", 0, 0, 0, 0, 0, 0, 0, 98, 0, 0, 0, 0, 0, 12, 110
"/home/ahmed/Desktop/Quran2U/windows/flutter/generated_plugin_registrant.cc", "C++", 0, 0, 0, 0, 0, 0, 18, 0, 0, 0, 0, 0, 4, 5, 27
"/home/ahmed/Desktop/Quran2U/windows/flutter/generated_plugin_registrant.h", "C++", 0, 0, 0, 0, 0, 0, 5, 0, 0, 0, 0, 0, 5, 6, 16
"/home/ahmed/Desktop/Quran2U/windows/flutter/generated_plugins.cmake", "CMake", 0, 0, 0, 0, 0, 0, 0, 24, 0, 0, 0, 0, 0, 6, 30
"/home/ahmed/Desktop/Quran2U/windows/runner/CMakeLists.txt", "CMake", 0, 0, 0, 0, 0, 0, 0, 34, 0, 0, 0, 0, 0, 7, 41
"/home/ahmed/Desktop/Quran2U/windows/runner/flutter_window.cpp", "C++", 0, 0, 0, 0, 0, 0, 49, 0, 0, 0, 0, 0, 7, 16, 72
"/home/ahmed/Desktop/Quran2U/windows/runner/flutter_window.h", "C++", 0, 0, 0, 0, 0, 0, 20, 0, 0, 0, 0, 0, 5, 9, 34
"/home/ahmed/Desktop/Quran2U/windows/runner/main.cpp", "C++", 0, 0, 0, 0, 0, 0, 30, 0, 0, 0, 0, 0, 4, 10, 44
"/home/ahmed/Desktop/Quran2U/windows/runner/resource.h", "C++", 0, 0, 0, 0, 0, 0, 9, 0, 0, 0, 0, 0, 6, 2, 17
"/home/ahmed/Desktop/Quran2U/windows/runner/utils.cpp", "C++", 0, 0, 0, 0, 0, 0, 54, 0, 0, 0, 0, 0, 2, 10, 66
"/home/ahmed/Desktop/Quran2U/windows/runner/utils.h", "C++", 0, 0, 0, 0, 0, 0, 8, 0, 0, 0, 0, 0, 6, 6, 20
"/home/ahmed/Desktop/Quran2U/windows/runner/win32_window.cpp", "C++", 0, 0, 0, 0, 0, 0, 210, 0, 0, 0, 0, 0, 24, 55, 289
"/home/ahmed/Desktop/Quran2U/windows/runner/win32_window.h", "C++", 0, 0, 0, 0, 0, 0, 48, 0, 0, 0, 0, 0, 31, 24, 103
"Total", "-", 361, 77, 28677, 3499, 261, 2920, 581, 471, 87, 955, 10, 19, 2412, 3039, 43369